nl,openmoji,hexcode,tags
glimlach,slightly smiling face,1F642,"emoji,hoe-gaat-het"
blij,grinning face,1F600,"emoji,hoe-gaat-het"
verdrietig,crying face,1F622,"emoji,hoe-gaat-het"
bang,fearful face,1F628,"emoji,hoe-gaat-het"
boos,angry face,1F620,"emoji,hoe-gaat-het"
moe,tired face,1F62B,"emoji,hoe-gaat-het,gezondheid"
ziek,face with thermometer,1F912,"emoji,hoe-gaat-het,gezondheid"
misselijk,nauseated face,1F922,"emoji,hoe-gaat-het,gezondheid"
verkouden,sneezing face,1F927,"emoji,hoe-gaat-het,gezondheid"
slapen,sleeping face,1F634,"emoji,dagelijkse-activiteiten"
warm,hot face,1F975,"emoji,hoe-gaat-het"
koud,cold face,1F976,"emoji,hoe-gaat-het"
baby,baby,1F476,"emoji,familie"
jongen,boy,1F466,"emoji,familie,kennismaken"
meisje,girl,1F467,"emoji,familie,kennismaken"
man,man,1F468,"emoji,familie,kennismaken"
vrouw,woman,1F469,"emoji,familie,kennismaken"
opa,old man,1F474,"emoji,familie"
oma,old woman,1F475,"emoji,familie"
gezin,family,1F46A,"emoji,familie"
politieagent,police officer,1F46E,"emoji,kennismaken"
kok,cook,1F9D1-200D-1F373,"emoji,kennismaken,horeca"
docent,teacher,1F9D1-200D-1F3EB,"emoji,kennismaken,school"
verpleegkundige,health worker,1F9D1-200D-2695-FE0F,"emoji,gezondheid,kennismaken"
automonteur,mechanic,1F9D1-200D-1F527,"emoji,kennismaken"
broodje,sandwich,1F96A,"emoji,eten-drinken,boodschappen-doen,horeca"
kaas,cheese wedge,1F9C0,"emoji,eten-drinken,boodschappen-doen"
melk,glass of milk,1F95B,"emoji,eten-drinken,boodschappen-doen"
salade,green salad,1F957,"emoji,eten-drinken"
boter,butter,1F9C8,"emoji,eten-drinken,boodschappen-doen"
appel,red apple,1F34E,"emoji,eten-drinken,boodschappen-doen"
olijf,olive,1FAD2,"emoji,eten-drinken,boodschappen-doen"
bier,beer mug,1F37A,"emoji,eten-drinken,boodschappen-doen,horeca"
wijn,wine glass,1F377,"emoji,eten-drinken,boodschappen-doen,horeca"
cocktail,cocktail glass,1F378,"emoji,eten-drinken,horeca"
koffie,hot beverage,2615,"emoji,eten-drinken,boodschappen-doen,horeca"
thee,teacup without handle,1F375,"emoji,eten-drinken,boodschappen-doen,horeca"
aardbei,strawberry,1F353,"emoji,eten-drinken,boodschappen-doen"
meloen,melon,1F348,"emoji,eten-drinken,boodschappen-doen"
peer,pear,1F350,"emoji,eten-drinken,boodschappen-doen"
druif,grapes,1F347,"emoji,eten-drinken,boodschappen-doen"
paprika,bell pepper,1FAD1,"emoji,eten-drinken,boodschappen-doen"
aardappel,potato,1F954,"emoji,eten-drinken,boodschappen-doen"
vlees,cut of meat,1F969,"emoji,eten-drinken,boodschappen-doen"
citroen,lemon,1F34B,"emoji,eten-drinken,boodschappen-doen"
banaan,banana,1F34C,"emoji,eten-drinken,boodschappen-doen"
wortel,carrot,1F955,"emoji,eten-drinken,boodschappen-doen"
tulp,tulip,1F337,"emoji,boodschappen-doen,natuur"
tomaat,tomato,1F345,"emoji,eten-drinken,boodschappen-doen"
kiwi,kiwi fruit,1F95D,"emoji,eten-drinken,boodschappen-doen"
garnaal,shrimp,1F990,"emoji,eten-drinken,boodschappen-doen"
zonnebloem,sunflower,1F33B,"emoji,boodschappen-doen,natuur"
watermeloen,watermelon,1F349,"emoji,eten-drinken,boodschappen-doen"
sinaasappel,half orange fruit,E0C0,"emoji,eten-drinken,boodschappen-doen"
vis,fish,1F41F,"emoji,eten-drinken,boodschappen-doen,natuur"
koekje,cookie,1F36A,"emoji,eten-drinken,boodschappen-doen"
chocola,chocolate bar,1F36B,"emoji,eten-drinken,boodschappen-doen"
kip,chicken,1F414,"emoji,eten-drinken,boodschappen-doen,natuur"
varken,pig,1F416,"emoji,eten-drinken,natuur"
rund,cow,1F404,"emoji,eten-drinken,natuur"
stokbrood,baguette bread,1F956,"emoji,eten-drinken,boodschappen-doen"
ijsje,soft ice cream,1F366,"emoji,eten-drinken,horeca"
pizza,pizza,1F355,"emoji,eten-drinken,horeca"
hamburger,hamburger,1F354,"emoji,eten-drinken,horeca"
soep,pot of food,1F372,"emoji,eten-drinken,horeca"
honing,honey pot,1F36F,"emoji,eten-drinken,boodschappen-doen,huishouden"
zout,salt,1F9C2,"emoji,eten-drinken,boodschappen-doen,huishouden"
pasta,spaghetti,1F35D,"emoji,eten-drinken,boodschappen-doen"
ananas,pineapple,1F34D,"emoji,eten-drinken,boodschappen-doen"
frisdrank,cup with straw,1F964,"emoji,eten-drinken,boodschappen-doen,horeca"
ijsblokje,ice,1F9CA,"emoji,eten-drinken"
appeltaart,pie,1F967,"emoji,eten-drinken"
ei,egg,1F95A,"emoji,eten-drinken,boodschappen-doen"
jurk,dress,1F457,"emoji,winkelen"
schoen,man’s shoe,1F45E,"emoji,winkelen"
broek,jeans,1F456,"emoji,winkelen"
t-shirt,t-shirt,1F455,"emoji,winkelen"
jas,coat,1F9E5,"emoji,winkelen"
stropdas,necktie,1F454,"emoji,winkelen"
sok,socks,1F9E6,"emoji,winkelen"
sjaal,scarf,1F9E3,"emoji,winkelen"
sneaker,running shoe,1F45F,"emoji,winkelen"
laars,woman’s boot,1F462,"emoji,winkelen"
sandaal,woman’s sandal,1F461,"emoji,winkelen"
bril,glasses,1F453,"emoji,winkelen"
horloge,watch,231A,"emoji,winkelen,tijd"
ring,ring,1F48D,"emoji,winkelen"
pet,billed cap,1F9E2,"emoji,winkelen"
hoed,top hat,1F3A9,"emoji,winkelen"
hak,high-heeled shoe,1F460,"emoji,winkelen"
tas,handbag,1F45C,"emoji,boodschappen-doen,winkelen"
pen,pen,1F58A,"emoji,winkelen,school"
boek,closed book,1F4D5,"emoji,winkelen,school"
stoel,chair,1FA91,"emoji,winkelen,huishouden"
bed,bed,1F6CF,"emoji,winkelen,huishouden"
bank,couch and lamp,1F6CB,"emoji,winkelen,huishouden"
hout,wood,1FAB5,"emoji,winkelen,huishouden,natuur"
kwast,paintbrush,1F58C,"emoji,winkelen,huishouden"
medicijn,pill,1F48A,"emoji,gezondheid"
pleister,adhesive bandage,1FA79,"emoji,gezondheid"
thermometer,thermometer,1F321,"emoji,gezondheid"
prik,syringe,1F489,"emoji,gezondheid"
rolstoel,manual wheelchair,1F9BD,"emoji,gezondheid"
ambulance,ambulance,1F691,"emoji,gezondheid"
ziekenhuis,hospital,1F3E5,"emoji,gezondheid"
tand,tooth,1F9B7,"emoji,gezondheid"
oor,ear,1F442,"emoji,gezondheid"
neus,nose,1F443,"emoji,gezondheid"
mond,mouth,1F444,"emoji,gezondheid"
tong,tongue,1F445,"emoji,gezondheid"
oog,eye,1F441,"emoji,gezondheid"
arm,flexed biceps,1F4AA,"emoji,gezondheid"
been,leg,1F9B5,"emoji,gezondheid"
voet,foot,1F9B6,"emoji,gezondheid"
hersenen,brain,1F9E0,"emoji,gezondheid"
hart,anatomical heart,1FAC0,"emoji,gezondheid"
longen,lungs,1FAC1,"emoji,gezondheid"
bot,bone,1F9B4,"emoji,gezondheid"
bloed,drop of blood,1FA78,"emoji,gezondheid"
school,school,1F3EB,"emoji,school"
huis,house,1F3E0,"emoji,huishouden"
hotel,hotel,1F3E8,"emoji,horeca,reizen"
bioscoop,cinema,1F3A6,"emoji,afspreken,vrije-tijd"
theater,performing arts,1F3AD,"emoji,afspreken,vrije-tijd"
strand,beach with umbrella,1F3D6,"emoji,reizen,afspreken,vrije-tijd,natuur"
station,station,1F689,"emoji,reizen"
bus,bus,1F68C,"emoji,reizen"
fiets,bicycle,1F6B2,"emoji,reizen"
auto,automobile,1F697,"emoji,reizen"
trein,train,1F686,"emoji,reizen"
voetballen,soccer ball,26BD,"emoji,sport,vrije-tijd"
tennissen,tennis,1F3BE,"emoji,sport,vrije-tijd"
basketbal,basketball,1F3C0,"emoji,sport,vrije-tijd"
volleybal,volleyball,1F3D0,"emoji,sport,vrije-tijd"
hockeyen,field hockey,1F3D1,"emoji,sport,vrije-tijd"
zwemmen,person swimming,1F3CA,"emoji,sport,vrije-tijd"
fietsen,person biking,1F6B4,"emoji,dagelijkse-activiteiten,sport,vrije-tijd"
hardlopen,person running,1F3C3,"emoji,sport,vrije-tijd"
gitaar,guitar,1F3B8,"emoji,vrije-tijd"
piano,musical keyboard,1F3B9,"emoji,vrije-tijd"
viool,violin,1F3BB,"emoji,vrije-tijd"
trompet,trumpet,1F3BA,"emoji,vrije-tijd"
zingen,microphone,1F3A4,"emoji,vrije-tijd"
dansen,woman dancing,1F483,"emoji,vrije-tijd"
foto,camera,1F4F7,"emoji,vrije-tijd"
schilderen,artist palette,1F3A8,"emoji,vrije-tijd"
gamen,video game,1F3AE,"emoji,dagelijkse-activiteiten,vrije-tijd"
telefoon,mobile phone,1F4F1,"emoji,dagelijkse-activiteiten,afspreken"
televisie,television,1F4FA,"emoji,dagelijkse-activiteiten,vrije-tijd"
internetten,laptop,1F4BB,"emoji,dagelijkse-activiteiten"
klok,alarm clock,23F0,"emoji,tijd"
schaatsen,ice skate,26F8,"emoji,sport,vrije-tijd"
regen,cloud with rain,1F327,"emoji,afspreken,natuur"
storm,cloud with lightning and rain,26C8,"emoji,afspreken,natuur"
winter,snowflake,2744,"emoji,tijd,natuur"
herfst,fallen leaf,1F342,"emoji,tijd,natuur"
lente,cherry blossom,1F338,"emoji,tijd,natuur"
zomer,sun,2600,"emoji,tijd,natuur"
Kerstmis,Christmas tree,1F384,"emoji,tijd"
geld,money bag,1F4B0,"emoji,boodschappen-doen,winkelen"
euro,euro banknote,1F4B6,"emoji,boodschappen-doen,winkelen"
verjaardag,birthday cake,1F382,"emoji,afspreken"
feestje,party popper,1F389,"emoji,afspreken,vrije-tijd"
e-mail,e-mail,1F4E7,"emoji,afspreken"
brief,envelope,2709,"emoji,afspreken"
sleutel,key,1F511,"emoji,huishouden"
toilet,toilet,1F6BD,"emoji,huishouden"
olifant,elephant,1F418,"emoji,natuur"
muis,mouse,1F401,"emoji,natuur"
ballon,balloon,1F388,"emoji,vrije-tijd"
koffer,luggage,1F9F3,"emoji,huishouden,reizen"
steen,rock,1FAA8,"emoji,natuur"
kapper,person getting haircut,1F487,"emoji,kennismaken,verzorging"
nagels lakken,nail polish,1F485,"emoji,verzorging"
tanden poetsen,toothbrush,1FAA5,"emoji,verzorging,dagelijkse-activiteiten"
douchen,shower,1F6BF,"emoji,dagelijkse-activiteiten,verzorging"
in bad gaan,person taking bath,1F6C0,"emoji,verzorging"
scheren,razor,1FA92,"emoji,verzorging"
zeep,soap,1F9FC,"emoji,boodschappen-doen,verzorging"
lippenstift,lipstick,1F484,"emoji,winkelen,verzorging"
spiegel,mirror,1FA9E,"emoji,verzorging"
massage,person getting massage,1F486,"emoji,verzorging"
plus,plus,2795,"emoji,wiskunde,school"
min,minus,2796,"emoji,wiskunde,school"
keer,multiply,2716,"emoji,wiskunde,school"
gedeeld door,divide,2797,"emoji,wiskunde,school"
is gelijk aan,heavy equals sign,1F7F0,"emoji,wiskunde,school"
rekenmachine,calculator,E1DB,"emoji,wiskunde,school"
liniaal,straight ruler,1F4CF,"emoji,wiskunde,school"
geodriehoek,triangular ruler,1F4D0,"emoji,wiskunde,school"
grafiek,chart increasing,1F4C8,"emoji,wiskunde,school"
staafdiagram,bar chart,1F4CA,"emoji,wiskunde,school"
